record_type,split,documents,sentences,tokens,model,unique_ngrams,hapax_ngrams,hapax_percent,smoothing,perplexity,context,top_prediction,actual_next_word,correct,training_context_count,top_probability,top_5,rank,candidate,text,token_count,log_probability,average_log_probability,conditional_perplexity,model_prediction,expected,predicted_ngram_count,expected_ngram_count,predicted_probability,expected_probability,expected_was_unseen,total_events,unseen_events,unseen_rate,mle_train_ppl,mle_validation_ppl,mle_test_ppl,laplace_train_ppl,laplace_validation_ppl,laplace_test_ppl,test_unseen_rate,train_unseen_rate,validation_unseen_rate
corpus_split,train,8000.0,166282.0,2917540.0,,,,,,,,,,,,,,,,,,,,,,,,,,,,,,,,,,,,,,,
corpus_split,validation,1000.0,21471.0,378409.0,,,,,,,,,,,,,,,,,,,,,,,,,,,,,,,,,,,,,,,
corpus_split,test,1000.0,20201.0,370268.0,,,,,,,,,,,,,,,,,,,,,,,,,,,,,,,,,,,,,,,
ngram_statistics,,,,,Unigram,47482.0,0.0,0.0,,,,,,,,,,,,,,,,,,,,,,,,,,,,,,,,,,,
ngram_statistics,,,,,Bigram,968989.0,683894.0,70.57809737778241,,,,,,,,,,,,,,,,,,,,,,,,,,,,,,,,,,,
ngram_statistics,,,,,Trigram,2112386.0,1841994.0,87.19968793582234,,,,,,,,,,,,,,,,,,,,,,,,,,,,,,,,,,,
perplexity,train,,,,Unigram,,,,MLE,1413.917917118409,,,,,,,,,,,,,,,,,,,,,,,,,,,,,,,,,
perplexity,validation,,,,Unigram,,,,MLE,1232.001323955389,,,,,,,,,,,,,,,,,,,,,,,,,,,,,,,,,
perplexity,test,,,,Unigram,,,,MLE,1180.4553492626392,,,,,,,,,,,,,,,,,,,,,,,,,,,,,,,,,
perplexity,train,,,,Unigram,,,,LAPLACE,1415.8184871000792,,,,,,,,,,,,,,,,,,,,,,,,,,,,,,,,,
perplexity,validation,,,,Unigram,,,,LAPLACE,1236.3985755403519,,,,,,,,,,,,,,,,,,,,,,,,,,,,,,,,,
perplexity,test,,,,Unigram,,,,LAPLACE,1185.037960498502,,,,,,,,,,,,,,,,,,,,,,,,,,,,,,,,,
perplexity,train,,,,Bigram,,,,MLE,125.18449431960975,,,,,,,,,,,,,,,,,,,,,,,,,,,,,,,,,
perplexity,validation,,,,Bigram,,,,MLE,inf,,,,,,,,,,,,,,,,,,,,,,,,,,,,,,,,,
perplexity,test,,,,Bigram,,,,MLE,inf,,,,,,,,,,,,,,,,,,,,,,,,,,,,,,,,,
perplexity,train,,,,Bigram,,,,LAPLACE,3003.551781840465,,,,,,,,,,,,,,,,,,,,,,,,,,,,,,,,,
perplexity,validation,,,,Bigram,,,,LAPLACE,3636.873527874257,,,,,,,,,,,,,,,,,,,,,,,,,,,,,,,,,
perplexity,test,,,,Bigram,,,,LAPLACE,3469.0761981725527,,,,,,,,,,,,,,,,,,,,,,,,,,,,,,,,,
perplexity,train,,,,Trigram,,,,MLE,9.930357682036187,,,,,,,,,,,,,,,,,,,,,,,,,,,,,,,,,
perplexity,validation,,,,Trigram,,,,MLE,inf,,,,,,,,,,,,,,,,,,,,,,,,,,,,,,,,,
perplexity,test,,,,Trigram,,,,MLE,inf,,,,,,,,,,,,,,,,,,,,,,,,,,,,,,,,,
perplexity,train,,,,Trigram,,,,LAPLACE,11530.471475531114,,,,,,,,,,,,,,,,,,,,,,,,,,,,,,,,,
perplexity,validation,,,,Trigram,,,,LAPLACE,19334.276141581904,,,,,,,,,,,,,,,,,,,,,,,,,,,,,,,,,
perplexity,test,,,,Trigram,,,,LAPLACE,19000.25240325842,,,,,,,,,,,,,,,,,,,,,,,,,,,,,,,,,
next_word,,,,,,,,,,,to be,a,a,True,4010.0,0.006971956808824672,"a (0.006972), the (0.003185), able (0.003068), in (0.001185), used (0.001068)",,,,,,,,,,,,,,,,,,,,,,,,,,
next_word,,,,,,,,,,,to make,a,a,True,1473.0,0.004146665304871821,"a (0.004147), sure (0.003902), the (0.003411), it (0.001981), your (0.001593)",,,,,,,,,,,,,,,,,,,,,,,,,,
next_word,,,,,,,,,,,of the,most,property,False,16016.0,0.005055277331569498,"most (0.005055), best (0.002866), world (0.002583), year (0.002126), time (0.001638)",,,,,,,,,,,,,,,,,,,,,,,,,,
next_word,,,,,,,,,,,in the,world,area,False,12047.0,0.004451611819449344,"world (0.004452), past (0.002973), first (0.002184), united (0.002049), future (0.002016)",,,,,,,,,,,,,,,,,,,,,,,,,,
next_word,,,,,,,,,,,to the,right,property,False,7024.0,0.0011558360547462665,"right (0.001156), next (0.001009), public (0.0009907), new (0.000899), world (0.000899)",,,,,,,,,,,,,,,,,,,,,,,,,,
sentence_ranking,,,,,,,,,,,,,,,,,,1.0,A,is useful for NLP,4.0,-40.676928625320784,-10.169232156330196,26088.03753703384,,,,,,,,,,,,,,,,,,,
sentence_ranking,,,,,,,,,,,,,,,,,,2.0,B,banana computer quickly,3.0,-32.30518102502819,-10.768393675009397,47495.6627348983,,,,,,,,,,,,,,,,,,,
sentence_ranking,,,,,,,,,,,,,,,,,,3.0,C,studies language models,3.0,-32.30518102502819,-10.768393675009397,47495.6627348983,,,,,,,,,,,,,,,,,,,
error_evidence,,,,,,,,,,,to be,,,True,4010.0,,,,,,,,,,a,a,358.0,358.0,0.006971956808824672,0.006971956808824672,False,,,,,,,,,,,,
error_evidence,,,,,,,,,,,to make,,,True,1473.0,,,,,,,,,,a,a,202.0,202.0,0.004146665304871821,0.004146665304871821,False,,,,,,,,,,,,
error_evidence,,,,,,,,,,,of the,,,False,16016.0,,,,,,,,,,most,property,320.0,34.0,0.005055277331569498,0.0005511984629437148,False,,,,,,,,,,,,
error_evidence,,,,,,,,,,,in the,,,False,12047.0,,,,,,,,,,world,area,264.0,84.0,0.004451611819449344,0.0014278754892573368,False,,,,,,,,,,,,
error_evidence,,,,,,,,,,,to the,,,False,7024.0,,,,,,,,,,right,property,62.0,7.0,0.0011558360547462665,0.00014677283234873224,False,,,,,,,,,,,,
unseen_events,train,,,,Unigram,,,,,,,,,,,,,,,,,,,,,,,,,,,3083822.0,0.0,0.0,,,,,,,,,
unseen_events,validation,,,,Unigram,,,,,,,,,,,,,,,,,,,,,,,,,,,399880.0,0.0,0.0,,,,,,,,,
unseen_events,test,,,,Unigram,,,,,,,,,,,,,,,,,,,,,,,,,,,390469.0,0.0,0.0,,,,,,,,,
unseen_events,train,,,,Bigram,,,,,,,,,,,,,,,,,,,,,,,,,,,3083822.0,0.0,0.0,,,,,,,,,
unseen_events,validation,,,,Bigram,,,,,,,,,,,,,,,,,,,,,,,,,,,399880.0,96982.0,0.24252775832749826,,,,,,,,,
unseen_events,test,,,,Bigram,,,,,,,,,,,,,,,,,,,,,,,,,,,390469.0,91860.0,0.2352555516571098,,,,,,,,,
unseen_events,train,,,,Trigram,,,,,,,,,,,,,,,,,,,,,,,,,,,3083822.0,0.0,0.0,,,,,,,,,
unseen_events,validation,,,,Trigram,,,,,,,,,,,,,,,,,,,,,,,,,,,399880.0,256212.0,0.6407222166649995,,,,,,,,,
unseen_events,test,,,,Trigram,,,,,,,,,,,,,,,,,,,,,,,,,,,390469.0,247396.0,0.633586789220143,,,,,,,,,
context_length_summary,,,,,Unigram,47482.0,0.0,0.0,,,,,,,,,,,,,,,,,,,,,,,,,,,1413.917917118409,1232.001323955389,1180.4553492626392,1415.8184871000792,1236.3985755403519,1185.037960498502,0.0,0.0,0.0
context_length_summary,,,,,Bigram,968989.0,683894.0,70.57809737778241,,,,,,,,,,,,,,,,,,,,,,,,,,,125.18449431960975,inf,inf,3003.551781840465,3636.873527874257,3469.0761981725527,0.2352555516571098,0.0,0.24252775832749826
context_length_summary,,,,,Trigram,2112386.0,1841994.0,87.19968793582234,,,,,,,,,,,,,,,,,,,,,,,,,,,9.930357682036187,inf,inf,11530.471475531114,19334.276141581904,19000.25240325842,0.633586789220143,0.0,0.6407222166649995
